goodsNo,goodsName,goodsLinkUrl,thumbnail,displayGenderText,isSoldOut,normalPrice,price,saleRate,brand,brandName,brandLinkUrl,reviewCount,reviewScore,isOptionVisible,isAd,adTooltip,plusDeliveryGuideText,infoLabelList,imageLabelList,clickTrackers,impressionTrackers,snap,score,isPlusDelivery,usedConditionGrade
5301310,[데일리룸 X 시즈] 아카이브 코튼 크롭 니트 가디건 [ 8 COLOR ],https://www.musinsa.com/products/5301310,https://image.msscdn.net/images/goods_img/20250807/5301310/5301310_17560981792024_500.jpg,남성,False,99000,60390,39,seez,시즈,https://www.musinsa.com/brand/seez,242,98,True,False,,,"[{'code': 'PERIOD_CAMPAIGN', 'title': '무신사에디션', 'color': ''}, {'code': 'EXCLUSIVE', 'title': '단독', 'color': ''}]","[{'code': 'BIG_CAMPAIGN', 'title': '추석빅세일', 'color': 'FFA800'}]",[],[],,0.0,False,
4711529,[데일리룸 X 시즈] 오디너리 크롭 스트라이프 셔츠 [WHITE] 단품/SET,https://www.musinsa.com/products/4711529,https://image.msscdn.net/images/goods_img/20250110/4711529/4711529_17373584397312_500.jpg,남성,False,74000,59200,20,seez,시즈,https://www.musinsa.com/brand/seez,2222,98,True,False,,,"[{'code': 'EXCLUSIVE', 'title': '단독', 'color': ''}]","[{'code': 'BIG_CAMPAIGN', 'title': '추석빅세일', 'color': 'FFA800'}]",[],[],,0.0,False,
5301341,[데일리룸 X 시즈] 벌룬 레그 밀 데님 카고 팬츠 [인디고],https://www.musinsa.com/products/5301341,https://image.msscdn.net/images/goods_img/20250807/5301341/5301341_17556640448489_500.jpg,남성,False,99000,79200,20,seez,시즈,https://www.musinsa.com/brand/seez,34,100,True,False,,,"[{'code': 'PERIOD_CAMPAIGN', 'title': '무신사에디션', 'color': ''}, {'code': 'EXCLUSIVE', 'title': '단독', 'color': ''}]","[{'code': 'BIG_CAMPAIGN', 'title': '추석빅세일', 'color': 'FFA800'}]",[],[],,0.0,False,
5301340,[데일리룸 X 시즈] 벌룬 레그 밀 데님 카고 팬츠 [미드 블루],https://www.musinsa.com/products/5301340,https://image.msscdn.net/images/goods_img/20250807/5301340/5301340_17556641043093_500.jpg,남성,False,99000,79200,20,seez,시즈,https://www.musinsa.com/brand/seez,36,98,True,False,,,"[{'code': 'PERIOD_CAMPAIGN', 'title': '무신사에디션', 'color': ''}, {'code': 'EXCLUSIVE', 'title': '단독', 'color': ''}]","[{'code': 'BIG_CAMPAIGN', 'title': '추석빅세일', 'color': 'FFA800'}]",[],[],,0.0,False,
4711530,[데일리룸 X 시즈] 멀티 레일 크롭 스트라이프 셔츠 [WHITE] 단품/SET,https://www.musinsa.com/products/4711530,https://image.msscdn.net/images/goods_img/20250110/4711530/4711530_17373570169020_500.jpg,남성,False,78000,62400,20,seez,시즈,https://www.musinsa.com/brand/seez,365,94,True,False,,,"[{'code': 'EXCLUSIVE', 'title': '단독', 'color': ''}]","[{'code': 'BIG_CAMPAIGN', 'title': '추석빅세일', 'color': 'FFA800'}]",[],[],,0.0,False,
5397419,[데릭 X 시즈] 모먼트 세미 크롭 코튼 셔츠 [ 5 COLOR ],https://www.musinsa.com/products/5397419,https://image.msscdn.net/images/goods_img/20250903/5397419/5397419_17573126539233_500.jpg,남성,False,69000,55200,20,seez,시즈,https://www.musinsa.com/brand/seez,17,98,True,False,,,"[{'code': 'EXCLUSIVE', 'title': '단독', 'color': ''}]","[{'code': 'BIG_CAMPAIGN', 'title': '추석빅세일', 'color': 'FFA800'}]",[],[],,0.0,False,
5065531,[데일리룸  X 시즈] 오디너리 크롭 스트라이프 하프 셔츠 [WHITE] 단품/SET,https://www.musinsa.com/products/5065531,https://image.msscdn.net/images/goods_img/20250424/5065531/5065531_17467661196551_500.jpg,남성,False,71000,56800,20,seez,시즈,https://www.musinsa.com/brand/seez,543,98,True,False,,,"[{'code': 'EXCLUSIVE', 'title': '단독', 'color': ''}]","[{'code': 'BIG_CAMPAIGN', 'title': '추석빅세일', 'color': 'FFA800'}]",[],[],,0.0,False,
4711493,미니멀 리파인드 울 블루종 자켓 [BLACK],https://www.musinsa.com/products/4711493,https://image.msscdn.net/images/goods_img/20250110/4711493/4711493_17367441778925_500.jpg,남성,False,190000,171000,10,seez,시즈,https://www.musinsa.com/brand/seez,14,100,True,False,,,"[{'code': 'EXCLUSIVE', 'title': '단독', 'color': ''}]","[{'code': 'BIG_CAMPAIGN', 'title': '추석빅세일', 'color': 'FFA800'}]",[],[],,0.0,False,
5301339,[데일리룸 X 시즈] 벌룬 레그 밀 데님 카고 팬츠 [워시드 블랙],https://www.musinsa.com/products/5301339,https://image.msscdn.net/images/goods_img/20250807/5301339/5301339_17556641534432_500.jpg,남성,False,99000,79200,20,seez,시즈,https://www.musinsa.com/brand/seez,13,100,True,False,,,"[{'code': 'PERIOD_CAMPAIGN', 'title': '무신사에디션', 'color': ''}, {'code': 'EXCLUSIVE', 'title': '단독', 'color': ''}]","[{'code': 'BIG_CAMPAIGN', 'title': '추석빅세일', 'color': 'FFA800'}]",[],[],,0.0,False,
5397420,[데릭 X 시즈] 벨티드 투 턱 와이드 슬랙스 [ 2 COLOR ],https://www.musinsa.com/products/5397420,https://image.msscdn.net/images/goods_img/20250903/5397420/5397420_17573245519291_500.jpg,남성,False,86000,68800,20,seez,시즈,https://www.musinsa.com/brand/seez,6,100,True,False,,,"[{'code': 'EXCLUSIVE', 'title': '단독', 'color': ''}]","[{'code': 'BIG_CAMPAIGN', 'title': '추석빅세일', 'color': 'FFA800'}]",[],[],,0.0,False,
5397422,[데릭 X 시즈] 벨티드 투 턱 와이드 스트라이프 슬랙스 [차콜],https://www.musinsa.com/products/5397422,https://image.msscdn.net/images/goods_img/20250903/5397422/5397422_17573247784825_500.jpg,남성,False,86000,68800,20,seez,시즈,https://www.musinsa.com/brand/seez,3,100,True,False,,,"[{'code': 'EXCLUSIVE', 'title': '단독', 'color': ''}]","[{'code': 'BIG_CAMPAIGN', 'title': '추석빅세일', 'color': 'FFA800'}]",[],[],,0.0,False,
5313304,픽셀 크롭 체크 셔츠 [차콜],https://www.musinsa.com/products/5313304,https://image.msscdn.net/images/goods_img/20250812/5313304/5313304_17556686889936_500.jpg,남성,False,72000,64800,10,seez,시즈,https://www.musinsa.com/brand/seez,5,96,True,False,,,"[{'code': 'EXCLUSIVE', 'title': '단독', 'color': ''}]","[{'code': 'BIG_CAMPAIGN', 'title': '추석빅세일', 'color': 'FFA800'}]",[],[],,0.0,False,
5397421,[데릭 X 시즈] 벨티드 투 턱 와이드 치노 팬츠 [ 4 COLOR ],https://www.musinsa.com/products/5397421,https://image.msscdn.net/images/goods_img/20250903/5397421/5397421_17573247567016_500.jpg,남성,False,86000,68800,20,seez,시즈,https://www.musinsa.com/brand/seez,2,100,True,False,,,"[{'code': 'EXCLUSIVE', 'title': '단독', 'color': ''}]","[{'code': 'BIG_CAMPAIGN', 'title': '추석빅세일', 'color': 'FFA800'}]",[],[],,0.0,False,
4322692,[데일리룸 X 시즈] 벌룬 레그 밀 와이드 카고 팬츠 [BLACK],https://www.musinsa.com/products/4322692,https://image.msscdn.net/images/goods_img/20240812/4322692/4322692_17246811796006_500.jpg,남성,False,88000,79200,10,seez,시즈,https://www.musinsa.com/brand/seez,208,98,True,False,,,"[{'code': 'EXCLUSIVE', 'title': '단독', 'color': ''}]","[{'code': 'BIG_CAMPAIGN', 'title': '추석빅세일', 'color': 'FFA800'}]",[],[],,0.0,False,
4322696,[데일리룸 X 시즈] 벌룬 레그 밀 와이드 카고 팬츠 [CHARCOAL],https://www.musinsa.com/products/4322696,https://image.msscdn.net/images/goods_img/20240812/4322696/4322696_17257821092530_500.jpg,남성,False,88000,79200,10,seez,시즈,https://www.musinsa.com/brand/seez,423,98,True,False,,,"[{'code': 'EXCLUSIVE', 'title': '단독', 'color': ''}]","[{'code': 'BIG_CAMPAIGN', 'title': '추석빅세일', 'color': 'FFA800'}]",[],[],,0.0,False,
4322695,[데일리룸 X 시즈] 벌룬 레그 밀 와이드 카고 팬츠 [KHAKI],https://www.musinsa.com/products/4322695,https://image.msscdn.net/images/goods_img/20240812/4322695/4322695_17257810683282_500.jpg,남성,False,88000,79200,10,seez,시즈,https://www.musinsa.com/brand/seez,335,98,True,False,,,"[{'code': 'EXCLUSIVE', 'title': '단독', 'color': ''}]","[{'code': 'BIG_CAMPAIGN', 'title': '추석빅세일', 'color': 'FFA800'}]",[],[],,0.0,False,
4711475,[ECO] 테일러드 스웨이드 쓰리 버튼 블레이저 [DARK BROWN],https://www.musinsa.com/products/4711475,https://image.msscdn.net/images/goods_img/20250110/4711475/4711475_17367424464979_500.jpg,남성,False,230000,207000,10,seez,시즈,https://www.musinsa.com/brand/seez,24,100,True,False,,,"[{'code': 'EXCLUSIVE', 'title': '단독', 'color': ''}]","[{'code': 'BIG_CAMPAIGN', 'title': '추석빅세일', 'color': 'FFA800'}]",[],[],,0.0,False,
5314503,러스트 체크 셔츠 [빈티지 퍼플],https://www.musinsa.com/products/5314503,https://image.msscdn.net/images/goods_img/20250812/5314503/5314503_17556686202703_500.jpg,남성,False,69000,62100,10,seez,시즈,https://www.musinsa.com/brand/seez,0,0,True,False,,,"[{'code': 'EXCLUSIVE', 'title': '단독', 'color': ''}]","[{'code': 'BIG_CAMPAIGN', 'title': '추석빅세일', 'color': 'FFA800'}]",[],[],,0.0,False,
3484732,헤링본 트윌 하이넥 자켓 [BROWN],https://www.musinsa.com/products/3484732,https://image.msscdn.net/images/goods_img/20230822/3484732/3484732_17064567562378_500.jpg,남성,False,190000,171000,10,seez,시즈,https://www.musinsa.com/brand/seez,138,100,True,False,,,"[{'code': 'EXCLUSIVE', 'title': '단독', 'color': ''}]","[{'code': 'BIG_CAMPAIGN', 'title': '추석빅세일', 'color': 'FFA800'}]",[],[],,0.0,False,
4711524,[데일리룸 X 시즈] 스트라이프 슬림 타이 [GREY],https://www.musinsa.com/products/4711524,https://image.msscdn.net/images/goods_img/20250110/4711524/4711524_17373584074915_500.jpg,남성,False,36000,28800,20,seez,시즈,https://www.musinsa.com/brand/seez,121,100,True,False,,,"[{'code': 'EXCLUSIVE', 'title': '단독', 'color': ''}]","[{'code': 'BIG_CAMPAIGN', 'title': '추석빅세일', 'color': 'FFA800'}]",[],[],,0.0,False,
5310952,테일러드 싱글 투 버튼 블레이저 [블랙],https://www.musinsa.com/products/5310952,https://image.msscdn.net/images/goods_img/20250811/5310952/5310952_17556687434536_500.jpg,남성,False,170000,153000,10,seez,시즈,https://www.musinsa.com/brand/seez,1,100,True,False,,,"[{'code': 'EXCLUSIVE', 'title': '단독', 'color': ''}]","[{'code': 'BIG_CAMPAIGN', 'title': '추석빅세일', 'color': 'FFA800'}]",[],[],,0.0,False,
5310951,테일러드 싱글 투 버튼 블레이저 [차콜],https://www.musinsa.com/products/5310951,https://image.msscdn.net/images/goods_img/20250811/5310951/5310951_17556701929842_500.jpg,남성,False,170000,153000,10,seez,시즈,https://www.musinsa.com/brand/seez,0,0,True,False,,,"[{'code': 'EXCLUSIVE', 'title': '단독', 'color': ''}]","[{'code': 'BIG_CAMPAIGN', 'title': '추석빅세일', 'color': 'FFA800'}]",[],[],,0.0,False,
4322693,[데일리룸 X 시즈] 벌룬 레그 밀 와이드 카고 팬츠 [OFF WHITE],https://www.musinsa.com/products/4322693,https://image.msscdn.net/images/goods_img/20240812/4322693/4322693_17246812032086_500.jpg,남성,False,88000,79200,10,seez,시즈,https://www.musinsa.com/brand/seez,301,98,True,False,,,"[{'code': 'EXCLUSIVE', 'title': '단독', 'color': ''}]","[{'code': 'BIG_CAMPAIGN', 'title': '추석빅세일', 'color': 'FFA800'}]",[],[],,0.0,False,
5328478,아크 플로우 커브드 다트 팬츠 [블랙],https://www.musinsa.com/products/5328478,https://image.msscdn.net/images/goods_img/20250818/5328478/5328478_17562630599396_500.jpg,남성,False,82000,73800,10,seez,시즈,https://www.musinsa.com/brand/seez,1,100,True,False,,,"[{'code': 'EXCLUSIVE', 'title': '단독', 'color': ''}]","[{'code': 'BIG_CAMPAIGN', 'title': '추석빅세일', 'color': 'FFA800'}]",[],[],,0.0,False,
5314502,러스트 체크 셔츠 [빈티지 블루],https://www.musinsa.com/products/5314502,https://image.msscdn.net/images/goods_img/20250812/5314502/5314502_17556686510820_500.jpg,남성,False,69000,62100,10,seez,시즈,https://www.musinsa.com/brand/seez,3,100,True,False,,,"[{'code': 'EXCLUSIVE', 'title': '단독', 'color': ''}]","[{'code': 'BIG_CAMPAIGN', 'title': '추석빅세일', 'color': 'FFA800'}]",[],[],,0.0,False,
4322408,릴렉스드 투 턱 와이드 슬랙스 [CHARCOAL],https://www.musinsa.com/products/4322408,https://image.msscdn.net/images/goods_img/20240812/4322408/4322408_17246425256031_500.jpg,남성,False,72000,64800,10,seez,시즈,https://www.musinsa.com/brand/seez,20,94,True,False,,,"[{'code': 'EXCLUSIVE', 'title': '단독', 'color': ''}]","[{'code': 'BIG_CAMPAIGN', 'title': '추석빅세일', 'color': 'FFA800'}]",[],[],,0.0,False,
5065532,[데일리룸 X 시즈] 멀티 레일 크롭 스트라이프 하프 셔츠 [WHITE] 단품/SET,https://www.musinsa.com/products/5065532,https://image.msscdn.net/images/goods_img/20250424/5065532/5065532_17467659782758_500.jpg,남성,False,74000,59200,20,seez,시즈,https://www.musinsa.com/brand/seez,69,98,True,False,,,"[{'code': 'EXCLUSIVE', 'title': '단독', 'color': ''}]","[{'code': 'BIG_CAMPAIGN', 'title': '추석빅세일', 'color': 'FFA800'}]",[],[],,0.0,False,
4123663,솔리드 슬림 울 타이 [BLACK],https://www.musinsa.com/products/4123663,https://image.msscdn.net/images/goods_img/20240512/4123663/4123663_17157637731353_500.jpg,남성,False,28000,25200,10,seez,시즈,https://www.musinsa.com/brand/seez,99,96,True,False,,,"[{'code': 'EXCLUSIVE', 'title': '단독', 'color': ''}]","[{'code': 'BIG_CAMPAIGN', 'title': '추석빅세일', 'color': 'FFA800'}]",[],[],,0.0,False,
4711523,[데일리룸 X 시즈] 스트라이프 슬림 타이 [BLACK],https://www.musinsa.com/products/4711523,https://image.msscdn.net/images/goods_img/20250110/4711523/4711523_17373584242138_500.jpg,남성,False,36000,28800,20,seez,시즈,https://www.musinsa.com/brand/seez,60,100,True,False,,,"[{'code': 'EXCLUSIVE', 'title': '단독', 'color': ''}]","[{'code': 'BIG_CAMPAIGN', 'title': '추석빅세일', 'color': 'FFA800'}]",[],[],,0.0,False,
4322694,[데일리룸 X 시즈] 벌룬 레그 밀 와이드 카고 팬츠 [BEIGE],https://www.musinsa.com/products/4322694,https://image.msscdn.net/images/goods_img/20240812/4322694/4322694_17246812246150_500.jpg,남성,False,88000,79200,10,seez,시즈,https://www.musinsa.com/brand/seez,180,98,True,False,,,"[{'code': 'EXCLUSIVE', 'title': '단독', 'color': ''}]","[{'code': 'BIG_CAMPAIGN', 'title': '추석빅세일', 'color': 'FFA800'}]",[],[],,0.0,False,
3484978,플랩 트윌 해링턴 자켓 [BEIGE],https://www.musinsa.com/products/3484978,https://image.msscdn.net/images/goods_img/20230822/3484978/3484978_17064564773527_500.jpg,남성,False,198000,178200,10,seez,시즈,https://www.musinsa.com/brand/seez,120,98,True,False,,,"[{'code': 'EXCLUSIVE', 'title': '단독', 'color': ''}]","[{'code': 'BIG_CAMPAIGN', 'title': '추석빅세일', 'color': 'FFA800'}]",[],[],,0.0,False,
5076906,스트라이프 원 턱 와이드 팬츠 [차콜],https://www.musinsa.com/products/5076906,https://image.msscdn.net/images/goods_img/20250429/5076906/5076906_17460814455120_500.jpg,남성,False,82000,73800,10,seez,시즈,https://www.musinsa.com/brand/seez,48,100,True,False,,,"[{'code': 'EXCLUSIVE', 'title': '단독', 'color': ''}]","[{'code': 'BIG_CAMPAIGN', 'title': '추석빅세일', 'color': 'FFA800'}]",[],[],,0.0,False,
5033722,퓨어 린넨 하프 셔츠 [ 6 COLOR ],https://www.musinsa.com/products/5033722,https://image.msscdn.net/images/goods_img/20250416/5033722/5033722_17479723313386_500.jpg,남성,False,66000,59400,10,seez,시즈,https://www.musinsa.com/brand/seez,23,100,True,False,,,"[{'code': 'EXCLUSIVE', 'title': '단독', 'color': ''}]","[{'code': 'BIG_CAMPAIGN', 'title': '추석빅세일', 'color': 'FFA800'}]",[],[],,0.0,False,
5033768,린넨 원 턱 와이드 밴딩 팬츠 [ 4 COLOR ],https://www.musinsa.com/products/5033768,https://image.msscdn.net/images/goods_img/20250416/5033768/5033768_17454603615899_500.jpg,남성,False,77000,69300,10,seez,시즈,https://www.musinsa.com/brand/seez,43,98,True,False,,,"[{'code': 'EXCLUSIVE', 'title': '단독', 'color': ''}]","[{'code': 'BIG_CAMPAIGN', 'title': '추석빅세일', 'color': 'FFA800'}]",[],[],,0.0,False,
5328477,아크 플로우 커브드 다트 팬츠 [라이트 베이지],https://www.musinsa.com/products/5328477,https://image.msscdn.net/images/goods_img/20250818/5328477/5328477_17562630821772_500.jpg,남성,False,82000,73800,10,seez,시즈,https://www.musinsa.com/brand/seez,1,100,True,False,,,"[{'code': 'EXCLUSIVE', 'title': '단독', 'color': ''}]","[{'code': 'BIG_CAMPAIGN', 'title': '추석빅세일', 'color': 'FFA800'}]",[],[],,0.0,False,
4711502,린넨 오픈카라 펜슬 스트라이프 셔츠 [OATMEAL],https://www.musinsa.com/products/4711502,https://image.msscdn.net/images/goods_img/20250110/4711502/4711502_17373564110856_500.jpg,남성,False,76000,68400,10,seez,시즈,https://www.musinsa.com/brand/seez,17,98,True,False,,,"[{'code': 'EXCLUSIVE', 'title': '단독', 'color': ''}]","[{'code': 'BIG_CAMPAIGN', 'title': '추석빅세일', 'color': 'FFA800'}]",[],[],,0.0,False,
4711474,클래식 투 턱 와이드 치노 팬츠 [BEIGE],https://www.musinsa.com/products/4711474,https://image.msscdn.net/images/goods_img/20250110/4711474/4711474_17373593034730_500.jpg,남성,False,68000,61200,10,seez,시즈,https://www.musinsa.com/brand/seez,36,96,True,False,,,"[{'code': 'EXCLUSIVE', 'title': '단독', 'color': ''}]","[{'code': 'BIG_CAMPAIGN', 'title': '추석빅세일', 'color': 'FFA800'}]",[],[],,0.0,False,
5313303,카치온 페이드 트러커 자켓 [차콜],https://www.musinsa.com/products/5313303,https://image.msscdn.net/images/goods_img/20250812/5313303/5313303_17556687203579_500.jpg,남성,False,186000,167400,10,seez,시즈,https://www.musinsa.com/brand/seez,0,0,True,False,,,"[{'code': 'EXCLUSIVE', 'title': '단독', 'color': ''}]","[{'code': 'BIG_CAMPAIGN', 'title': '추석빅세일', 'color': 'FFA800'}]",[],[],,0.0,False,
5328479,패널 플리트 와이드 카고 팬츠 [차콜],https://www.musinsa.com/products/5328479,https://image.msscdn.net/images/goods_img/20250818/5328479/5328479_17562630304491_500.jpg,남성,False,84000,75600,10,seez,시즈,https://www.musinsa.com/brand/seez,0,0,True,False,,,"[{'code': 'EXCLUSIVE', 'title': '단독', 'color': ''}]","[{'code': 'BIG_CAMPAIGN', 'title': '추석빅세일', 'color': 'FFA800'}]",[],[],,0.0,False,
4711504,쉐이드 시어서커 체크 셔츠 [CHARCOAL],https://www.musinsa.com/products/4711504,https://image.msscdn.net/images/goods_img/20250110/4711504/4711504_17373565173128_500.jpg,남성,False,69000,62100,10,seez,시즈,https://www.musinsa.com/brand/seez,65,96,True,False,,,"[{'code': 'EXCLUSIVE', 'title': '단독', 'color': ''}]","[{'code': 'BIG_CAMPAIGN', 'title': '추석빅세일', 'color': 'FFA800'}]",[],[],,0.0,False,
5079616,커브드 와이드 코튼 팬츠 [베이지],https://www.musinsa.com/products/5079616,https://image.msscdn.net/images/goods_img/20250429/5079616/5079616_17460821498307_500.jpg,남성,False,78000,70200,10,seez,시즈,https://www.musinsa.com/brand/seez,9,100,True,False,,,"[{'code': 'EXCLUSIVE', 'title': '단독', 'color': ''}]","[{'code': 'BIG_CAMPAIGN', 'title': '추석빅세일', 'color': 'FFA800'}]",[],[],,0.0,False,
5076470,시어 브리즈 스트라이프 셔츠 [화이트],https://www.musinsa.com/products/5076470,https://image.msscdn.net/images/goods_img/20250429/5076470/5076470_17466899230049_500.jpg,남성,False,74000,66600,10,seez,시즈,https://www.musinsa.com/brand/seez,13,96,True,False,,,"[{'code': 'EXCLUSIVE', 'title': '단독', 'color': ''}]","[{'code': 'BIG_CAMPAIGN', 'title': '추석빅세일', 'color': 'FFA800'}]",[],[],,0.0,False,
4711473,클래식 투 턱 와이드 치노 팬츠 [BLACK],https://www.musinsa.com/products/4711473,https://image.msscdn.net/images/goods_img/20250110/4711473/4711473_17373593138089_500.jpg,남성,False,68000,61200,10,seez,시즈,https://www.musinsa.com/brand/seez,21,96,True,False,,,"[{'code': 'EXCLUSIVE', 'title': '단독', 'color': ''}]","[{'code': 'BIG_CAMPAIGN', 'title': '추석빅세일', 'color': 'FFA800'}]",[],[],,0.0,False,
4322234,에디터 레일로드 스트라이프 셔츠 [WHITE],https://www.musinsa.com/products/4322234,https://image.msscdn.net/images/goods_img/20240812/4322234/4322234_17246425969706_500.jpg,남성,False,72000,64800,10,seez,시즈,https://www.musinsa.com/brand/seez,137,98,True,False,,,"[{'code': 'EXCLUSIVE', 'title': '단독', 'color': ''}]","[{'code': 'BIG_CAMPAIGN', 'title': '추석빅세일', 'color': 'FFA800'}]",[],[],,0.0,False,
5076469,시어 브리즈 스트라이프 셔츠 [블랙],https://www.musinsa.com/products/5076469,https://image.msscdn.net/images/goods_img/20250429/5076469/5076469_17466899451439_500.jpg,남성,False,74000,66600,10,seez,시즈,https://www.musinsa.com/brand/seez,17,100,True,False,,,"[{'code': 'EXCLUSIVE', 'title': '단독', 'color': ''}]","[{'code': 'BIG_CAMPAIGN', 'title': '추석빅세일', 'color': 'FFA800'}]",[],[],,0.0,False,
3484731,헤링본 트윌 하이넥 자켓 [BLACK],https://www.musinsa.com/products/3484731,https://image.msscdn.net/images/goods_img/20230822/3484731/3484731_17064567787883_500.jpg,남성,False,190000,171000,10,seez,시즈,https://www.musinsa.com/brand/seez,23,98,True,False,,,"[{'code': 'EXCLUSIVE', 'title': '단독', 'color': ''}]","[{'code': 'BIG_CAMPAIGN', 'title': '추석빅세일', 'color': 'FFA800'}]",[],[],,0.0,False,
3790829,리오셀 오피서 치노 팬츠 [BEIGE],https://www.musinsa.com/products/3790829,https://image.msscdn.net/images/goods_img/20240111/3790829/3790829_17061910145525_500.jpg,남성,False,88000,79200,10,seez,시즈,https://www.musinsa.com/brand/seez,61,98,True,False,,,"[{'code': 'EXCLUSIVE', 'title': '단독', 'color': ''}]","[{'code': 'BIG_CAMPAIGN', 'title': '추석빅세일', 'color': 'FFA800'}]",[],[],,0.0,False,
3480057,릴렉스드 투 턱 와이드 슬랙스 [BLACK],https://www.musinsa.com/products/3480057,https://image.msscdn.net/images/goods_img/20230821/3480057/3480057_16925951667322_500.jpg,남성,False,72000,64800,10,seez,시즈,https://www.musinsa.com/brand/seez,5,88,True,False,,,"[{'code': 'EXCLUSIVE', 'title': '단독', 'color': ''}]","[{'code': 'BIG_CAMPAIGN', 'title': '추석빅세일', 'color': 'FFA800'}]",[],[],,0.0,False,
5328412,레이어드 크롭 긴팔 티셔츠 [블랙],https://www.musinsa.com/products/5328412,https://image.msscdn.net/images/goods_img/20250818/5328412/5328412_17562634457146_500.jpg,남성,False,49000,44100,10,seez,시즈,https://www.musinsa.com/brand/seez,2,100,True,False,,,"[{'code': 'EXCLUSIVE', 'title': '단독', 'color': ''}]","[{'code': 'BIG_CAMPAIGN', 'title': '추석빅세일', 'color': 'FFA800'}]",[],[],,0.0,False,
5314634,리브드 헨리넥 니트 티셔츠 [그레이],https://www.musinsa.com/products/5314634,https://image.msscdn.net/images/goods_img/20250812/5314634/5314634_17562683921893_500.jpg,남성,False,52000,46800,10,seez,시즈,https://www.musinsa.com/brand/seez,2,100,True,False,,,"[{'code': 'EXCLUSIVE', 'title': '단독', 'color': ''}]","[{'code': 'BIG_CAMPAIGN', 'title': '추석빅세일', 'color': 'FFA800'}]",[],[],,0.0,False,
5079617,커브드 와이드 코튼 팬츠 [차콜],https://www.musinsa.com/products/5079617,https://image.msscdn.net/images/goods_img/20250429/5079617/5079617_17460822695495_500.jpg,남성,False,78000,70200,10,seez,시즈,https://www.musinsa.com/brand/seez,5,88,True,False,,,"[{'code': 'EXCLUSIVE', 'title': '단독', 'color': ''}]","[{'code': 'BIG_CAMPAIGN', 'title': '추석빅세일', 'color': 'FFA800'}]",[],[],,0.0,False,
3807880,스페이 패널 헌팅 블루종 자켓 [BLACK],https://www.musinsa.com/products/3807880,https://image.msscdn.net/images/goods_img/20240119/3807880/3807880_17064549412890_500.jpg,남성,False,210000,189000,10,seez,시즈,https://www.musinsa.com/brand/seez,56,98,True,False,,,"[{'code': 'EXCLUSIVE', 'title': '단독', 'color': ''}]","[{'code': 'BIG_CAMPAIGN', 'title': '추석빅세일', 'color': 'FFA800'}]",[],[],,0.0,False,
3790830,리오셀 오피서 치노 팬츠 [BLACK],https://www.musinsa.com/products/3790830,https://image.msscdn.net/images/goods_img/20240111/3790830/3790830_17061909957509_500.jpg,남성,False,88000,79200,10,seez,시즈,https://www.musinsa.com/brand/seez,61,94,True,False,,,"[{'code': 'EXCLUSIVE', 'title': '단독', 'color': ''}]","[{'code': 'BIG_CAMPAIGN', 'title': '추석빅세일', 'color': 'FFA800'}]",[],[],,0.0,False,
4123655,스틸라이프 플라워 하프 티셔츠 [BLACK],https://www.musinsa.com/products/4123655,https://image.msscdn.net/images/goods_img/20240512/4123655/4123655_17157617641237_500.jpg,남성,False,55000,49500,10,seez,시즈,https://www.musinsa.com/brand/seez,52,100,True,False,,,"[{'code': 'EXCLUSIVE', 'title': '단독', 'color': ''}]","[{'code': 'BIG_CAMPAIGN', 'title': '추석빅세일', 'color': 'FFA800'}]",[],[],,0.0,False,
5328414,레이어드 크롭 긴팔 티셔츠 [그레이],https://www.musinsa.com/products/5328414,https://image.msscdn.net/images/goods_img/20250818/5328414/5328414_17562631822468_500.jpg,남성,False,49000,44100,10,seez,시즈,https://www.musinsa.com/brand/seez,0,0,True,False,,,"[{'code': 'EXCLUSIVE', 'title': '단독', 'color': ''}]","[{'code': 'BIG_CAMPAIGN', 'title': '추석빅세일', 'color': 'FFA800'}]",[],[],,0.0,False,
5314633,리브드 헨리넥 니트 티셔츠 [블랙],https://www.musinsa.com/products/5314633,https://image.msscdn.net/images/goods_img/20250812/5314633/5314633_17562634955121_500.jpg,남성,False,52000,46800,10,seez,시즈,https://www.musinsa.com/brand/seez,1,100,True,False,,,"[{'code': 'EXCLUSIVE', 'title': '단독', 'color': ''}]","[{'code': 'BIG_CAMPAIGN', 'title': '추석빅세일', 'color': 'FFA800'}]",[],[],,0.0,False,
5328482,패널 플리트 와이드 카고 팬츠 [카키],https://www.musinsa.com/products/5328482,https://image.msscdn.net/images/goods_img/20250818/5328482/5328482_17562630008468_500.jpg,남성,False,84000,75600,10,seez,시즈,https://www.musinsa.com/brand/seez,0,0,True,False,,,"[{'code': 'EXCLUSIVE', 'title': '단독', 'color': ''}]","[{'code': 'BIG_CAMPAIGN', 'title': '추석빅세일', 'color': 'FFA800'}]",[],[],,0.0,False,
5328476,벌룬 와이드 치노 팬츠 [블랙],https://www.musinsa.com/products/5328476,https://image.msscdn.net/images/goods_img/20250818/5328476/5328476_17562631146915_500.jpg,남성,False,72000,64800,10,seez,시즈,https://www.musinsa.com/brand/seez,0,0,True,False,,,"[{'code': 'EXCLUSIVE', 'title': '단독', 'color': ''}]","[{'code': 'BIG_CAMPAIGN', 'title': '추석빅세일', 'color': 'FFA800'}]",[],[],,0.0,False,
4123649,린넨 오픈카라 펜슬 스트라이프 하프 셔츠 [OATMEAL],https://www.musinsa.com/products/4123649,https://image.msscdn.net/images/goods_img/20240511/4123649/4123649_17157618010251_500.jpg,남성,False,72000,64800,10,seez,시즈,https://www.musinsa.com/brand/seez,94,98,True,False,,,"[{'code': 'EXCLUSIVE', 'title': '단독', 'color': ''}]","[{'code': 'BIG_CAMPAIGN', 'title': '추석빅세일', 'color': 'FFA800'}]",[],[],,0.0,False,
5033721,퓨어 린넨 셔츠 [ 6 COLOR ],https://www.musinsa.com/products/5033721,https://image.msscdn.net/images/goods_img/20250416/5033721/5033721_17479722103521_500.jpg,남성,False,69000,62100,10,seez,시즈,https://www.musinsa.com/brand/seez,12,96,True,False,,,"[{'code': 'EXCLUSIVE', 'title': '단독', 'color': ''}]","[{'code': 'BIG_CAMPAIGN', 'title': '추석빅세일', 'color': 'FFA800'}]",[],[],,0.0,False,
3479993,릴렉스드 세미 와이드 슬랙스 [BLACK],https://www.musinsa.com/products/3479993,https://image.msscdn.net/images/goods_img/20230821/3479993/3479993_16925947559484_500.jpg,남성,False,69000,62100,10,seez,시즈,https://www.musinsa.com/brand/seez,10,98,True,False,,,"[{'code': 'EXCLUSIVE', 'title': '단독', 'color': ''}]","[{'code': 'BIG_CAMPAIGN', 'title': '추석빅세일', 'color': 'FFA800'}]",[],[],,0.0,False,
4711501,케이블 크로셰 셔츠 [IVORY],https://www.musinsa.com/products/4711501,https://image.msscdn.net/images/goods_img/20250110/4711501/4711501_17373563895753_500.jpg,남성,False,78000,70200,10,seez,시즈,https://www.musinsa.com/brand/seez,5,96,True,False,,,"[{'code': 'EXCLUSIVE', 'title': '단독', 'color': ''}]","[{'code': 'BIG_CAMPAIGN', 'title': '추석빅세일', 'color': 'FFA800'}]",[],[],,0.0,False,
5328415,레이어드 크롭 긴팔 티셔츠 [화이트],https://www.musinsa.com/products/5328415,https://image.msscdn.net/images/goods_img/20250818/5328415/5328415_17562631625127_500.jpg,남성,False,49000,44100,10,seez,시즈,https://www.musinsa.com/brand/seez,2,100,True,False,,,"[{'code': 'EXCLUSIVE', 'title': '단독', 'color': ''}]","[{'code': 'BIG_CAMPAIGN', 'title': '추석빅세일', 'color': 'FFA800'}]",[],[],,0.0,False,
3484977,플랩 트윌 해링턴 자켓 [BLACK],https://www.musinsa.com/products/3484977,https://image.msscdn.net/images/goods_img/20230822/3484977/3484977_17064566814427_500.jpg,남성,False,198000,178200,10,seez,시즈,https://www.musinsa.com/brand/seez,22,98,True,False,,,"[{'code': 'EXCLUSIVE', 'title': '단독', 'color': ''}]","[{'code': 'BIG_CAMPAIGN', 'title': '추석빅세일', 'color': 'FFA800'}]",[],[],,0.0,False,
5077759,리브드 헨리넥 하프 티셔츠 [ 5 COLOR ],https://www.musinsa.com/products/5077759,https://image.msscdn.net/images/goods_img/20250429/5077759/5077759_17484048456785_500.jpg,남성,False,48000,43200,10,seez,시즈,https://www.musinsa.com/brand/seez,7,92,True,False,,,"[{'code': 'EXCLUSIVE', 'title': '단독', 'color': ''}]","[{'code': 'BIG_CAMPAIGN', 'title': '추석빅세일', 'color': 'FFA800'}]",[],[],,0.0,False,
3807870,리오셀 퍼티그 파라슈트 팬츠 [BLACK],https://www.musinsa.com/products/3807870,https://image.msscdn.net/images/goods_img/20240119/3807870/3807870_17061911365812_500.jpg,남성,False,85000,76500,10,seez,시즈,https://www.musinsa.com/brand/seez,51,100,True,False,,,"[{'code': 'EXCLUSIVE', 'title': '단독', 'color': ''}]","[{'code': 'BIG_CAMPAIGN', 'title': '추석빅세일', 'color': 'FFA800'}]",[],[],,0.0,False,
5079615,커브드 와이드 코튼 팬츠 [블랙],https://www.musinsa.com/products/5079615,https://image.msscdn.net/images/goods_img/20250429/5079615/5079615_17460822863643_500.jpg,남성,False,78000,70200,10,seez,시즈,https://www.musinsa.com/brand/seez,6,94,True,False,,,"[{'code': 'EXCLUSIVE', 'title': '단독', 'color': ''}]","[{'code': 'BIG_CAMPAIGN', 'title': '추석빅세일', 'color': 'FFA800'}]",[],[],,0.0,False,
4711505,프로파운드 체크 셔츠 [VINTAGE BLUE],https://www.musinsa.com/products/4711505,https://image.msscdn.net/images/goods_img/20250110/4711505/4711505_17373566124765_500.jpg,남성,False,74000,66600,10,seez,시즈,https://www.musinsa.com/brand/seez,6,100,True,False,,,"[{'code': 'EXCLUSIVE', 'title': '단독', 'color': ''}]","[{'code': 'BIG_CAMPAIGN', 'title': '추석빅세일', 'color': 'FFA800'}]",[],[],,0.0,False,
4123812,논페이드 슬럽 와이드 데님 팬츠 [BLACK],https://www.musinsa.com/products/4123812,https://image.msscdn.net/images/goods_img/20240512/4123812/4123812_17158451480619_500.jpg,남성,False,74000,66600,10,seez,시즈,https://www.musinsa.com/brand/seez,22,94,True,False,,,"[{'code': 'EXCLUSIVE', 'title': '단독', 'color': ''}]","[{'code': 'BIG_CAMPAIGN', 'title': '추석빅세일', 'color': 'FFA800'}]",[],[],,0.0,False,
4123652,케이블 크로셰 하프 셔츠 [IVORY],https://www.musinsa.com/products/4123652,https://image.msscdn.net/images/goods_img/20240511/4123652/4123652_17157617757094_500.jpg,남성,False,74000,66600,10,seez,시즈,https://www.musinsa.com/brand/seez,24,96,True,False,,,"[{'code': 'EXCLUSIVE', 'title': '단독', 'color': ''}]","[{'code': 'BIG_CAMPAIGN', 'title': '추석빅세일', 'color': 'FFA800'}]",[],[],,0.0,False,
3479461,스트링 셔링 팬츠 [BLACK],https://www.musinsa.com/products/3479461,https://image.msscdn.net/images/goods_img/20230821/3479461/3479461_16925903304804_500.jpg,남성,False,72000,64800,10,seez,시즈,https://www.musinsa.com/brand/seez,13,98,True,False,,,"[{'code': 'EXCLUSIVE', 'title': '단독', 'color': ''}, {'code': 'OUTLET', 'title': '아울렛', 'color': ''}]",[],[],[],,0.0,False,
5314505,레이어드 모크넥 니트 티셔츠 [블랙],https://www.musinsa.com/products/5314505,https://image.msscdn.net/images/goods_img/20250812/5314505/5314505_17562635752823_500.jpg,남성,False,52000,46800,10,seez,시즈,https://www.musinsa.com/brand/seez,0,0,True,False,,,"[{'code': 'EXCLUSIVE', 'title': '단독', 'color': ''}]","[{'code': 'BIG_CAMPAIGN', 'title': '추석빅세일', 'color': 'FFA800'}]",[],[],,0.0,False,
4123671,시그니처 카라비너 레더 키링,https://www.musinsa.com/products/4123671,https://image.msscdn.net/images/goods_img/20240512/4123671/4123671_17158515976188_500.jpg,남성,False,36000,32400,10,seez,시즈,https://www.musinsa.com/brand/seez,48,96,True,False,,,"[{'code': 'EXCLUSIVE', 'title': '단독', 'color': ''}]","[{'code': 'BIG_CAMPAIGN', 'title': '추석빅세일', 'color': 'FFA800'}]",[],[],,0.0,False,
5314504,에디터 로그 스트라이프 셔츠 [화이트],https://www.musinsa.com/products/5314504,https://image.msscdn.net/images/goods_img/20250812/5314504/5314504_17556685633163_500.jpg,남성,False,72000,64800,10,seez,시즈,https://www.musinsa.com/brand/seez,1,100,True,False,,,"[{'code': 'EXCLUSIVE', 'title': '단독', 'color': ''}]","[{'code': 'BIG_CAMPAIGN', 'title': '추석빅세일', 'color': 'FFA800'}]",[],[],,0.0,False,
4322319,릴렉스드 세미 와이드 슬랙스 [CHARCOAL],https://www.musinsa.com/products/4322319,https://image.msscdn.net/images/goods_img/20240812/4322319/4322319_17246424905035_500.jpg,남성,False,69000,62100,10,seez,시즈,https://www.musinsa.com/brand/seez,8,96,True,False,,,"[{'code': 'EXCLUSIVE', 'title': '단독', 'color': ''}]","[{'code': 'BIG_CAMPAIGN', 'title': '추석빅세일', 'color': 'FFA800'}]",[],[],,0.0,False,
3484683,링클드 라인 레더 블루종 [BROWN],https://www.musinsa.com/products/3484683,https://image.msscdn.net/images/goods_img/20230822/3484683/3484683_17064568090240_500.jpg,남성,False,198000,178200,10,seez,시즈,https://www.musinsa.com/brand/seez,20,96,True,False,,,"[{'code': 'EXCLUSIVE', 'title': '단독', 'color': ''}]","[{'code': 'BIG_CAMPAIGN', 'title': '추석빅세일', 'color': 'FFA800'}]",[],[],,0.0,False,
4327492,다이애그널 트윌 워크 자켓  [D.KHAKI],https://www.musinsa.com/products/4327492,https://image.msscdn.net/images/goods_img/20240813/4327492/4327492_17246427483906_500.jpg,남성,False,180000,162000,10,seez,시즈,https://www.musinsa.com/brand/seez,23,100,True,False,,,"[{'code': 'EXCLUSIVE', 'title': '단독', 'color': ''}]","[{'code': 'BIG_CAMPAIGN', 'title': '추석빅세일', 'color': 'FFA800'}]",[],[],,0.0,False,
4327490,다이애그널 트윌 워크 자켓  [BEIGE],https://www.musinsa.com/products/4327490,https://image.msscdn.net/images/goods_img/20240813/4327490/4327490_17246427223171_500.jpg,남성,False,180000,162000,10,seez,시즈,https://www.musinsa.com/brand/seez,31,100,True,False,,,"[{'code': 'EXCLUSIVE', 'title': '단독', 'color': ''}]","[{'code': 'BIG_CAMPAIGN', 'title': '추석빅세일', 'color': 'FFA800'}]",[],[],,0.0,False,
4327608,워시드 프렌치 초어 자켓 [BROWN],https://www.musinsa.com/products/4327608,https://image.msscdn.net/images/goods_img/20240813/4327608/4327608_17246427998264_500.jpg,남성,False,168000,151200,10,seez,시즈,https://www.musinsa.com/brand/seez,6,100,True,False,,,"[{'code': 'EXCLUSIVE', 'title': '단독', 'color': ''}]","[{'code': 'BIG_CAMPAIGN', 'title': '추석빅세일', 'color': 'FFA800'}]",[],[],,0.0,False,
5076907,스트라이프 원 턱 와이드 팬츠 [그레이],https://www.musinsa.com/products/5076907,https://image.msscdn.net/images/goods_img/20250429/5076907/5076907_17460814232793_500.jpg,남성,False,82000,73800,10,seez,시즈,https://www.musinsa.com/brand/seez,13,100,True,False,,,"[{'code': 'EXCLUSIVE', 'title': '단독', 'color': ''}]","[{'code': 'BIG_CAMPAIGN', 'title': '추석빅세일', 'color': 'FFA800'}]",[],[],,0.0,False,
5079635,와플 스트라이프 하프 니트 티셔츠 [그레이],https://www.musinsa.com/products/5079635,https://image.msscdn.net/images/goods_img/20250429/5079635/5079635_17484054193033_500.jpg,남성,False,52000,46800,10,seez,시즈,https://www.musinsa.com/brand/seez,0,0,True,False,,,"[{'code': 'EXCLUSIVE', 'title': '단독', 'color': ''}]","[{'code': 'BIG_CAMPAIGN', 'title': '추석빅세일', 'color': 'FFA800'}]",[],[],,0.0,False,
4711503,에디터 타이디 스트라이프 셔츠 [WHITE],https://www.musinsa.com/products/4711503,https://image.msscdn.net/images/goods_img/20250110/4711503/4711503_17373564379073_500.jpg,남성,False,76000,68400,10,seez,시즈,https://www.musinsa.com/brand/seez,9,94,True,False,,,"[{'code': 'EXCLUSIVE', 'title': '단독', 'color': ''}]","[{'code': 'BIG_CAMPAIGN', 'title': '추석빅세일', 'color': 'FFA800'}]",[],[],,0.0,False,
4322010,논페이드 슬럽 와이드 데님 팬츠 [D.INDIGO],https://www.musinsa.com/products/4322010,https://image.msscdn.net/images/goods_img/20240812/4322010/4322010_17246424353168_500.jpg,남성,False,74000,66600,10,seez,시즈,https://www.musinsa.com/brand/seez,15,94,True,False,,,"[{'code': 'EXCLUSIVE', 'title': '단독', 'color': ''}]","[{'code': 'BIG_CAMPAIGN', 'title': '추석빅세일', 'color': 'FFA800'}]",[],[],,0.0,False,
3479462,스트링 셔링 팬츠 [GREY],https://www.musinsa.com/products/3479462,https://image.msscdn.net/images/goods_img/20230821/3479462/3479462_16925897180641_500.jpg,남성,False,72000,64800,10,seez,시즈,https://www.musinsa.com/brand/seez,14,98,True,False,,,"[{'code': 'EXCLUSIVE', 'title': '단독', 'color': ''}, {'code': 'OUTLET', 'title': '아울렛', 'color': ''}]",[],[],[],,0.0,False,
4321922,내추럴 워시드 60수 코튼 셔츠 [PALE BLUE],https://www.musinsa.com/products/4321922,https://image.msscdn.net/images/goods_img/20240812/4321922/4321922_17246423711470_500.jpg,남성,False,68000,61200,10,seez,시즈,https://www.musinsa.com/brand/seez,6,90,True,False,,,"[{'code': 'EXCLUSIVE', 'title': '단독', 'color': ''}]","[{'code': 'BIG_CAMPAIGN', 'title': '추석빅세일', 'color': 'FFA800'}]",[],[],,0.0,False,
4321919,내추럴 워시드 60수 코튼 셔츠 [WHITE],https://www.musinsa.com/products/4321919,https://image.msscdn.net/images/goods_img/20240812/4321919/4321919_17246422232172_500.jpg,남성,False,68000,61200,10,seez,시즈,https://www.musinsa.com/brand/seez,5,96,True,False,,,"[{'code': 'EXCLUSIVE', 'title': '단독', 'color': ''}]","[{'code': 'BIG_CAMPAIGN', 'title': '추석빅세일', 'color': 'FFA800'}]",[],[],,0.0,False,
4123813,더블 니 패치 카펜터 워크 팬츠 [BLACK],https://www.musinsa.com/products/4123813,https://image.msscdn.net/images/goods_img/20240512/4123813/4123813_17158451819277_500.jpg,남성,False,85000,76500,10,seez,시즈,https://www.musinsa.com/brand/seez,2,100,True,False,,,"[{'code': 'EXCLUSIVE', 'title': '단독', 'color': ''}]","[{'code': 'BIG_CAMPAIGN', 'title': '추석빅세일', 'color': 'FFA800'}]",[],[],,0.0,False,
5076465,시에라 웨스턴 포켓 하프 셔츠 [네이비],https://www.musinsa.com/products/5076465,https://image.msscdn.net/images/goods_img/20250429/5076465/5076465_17484055521608_500.jpg,남성,False,77000,69300,10,seez,시즈,https://www.musinsa.com/brand/seez,0,0,True,False,,,"[{'code': 'EXCLUSIVE', 'title': '단독', 'color': ''}]","[{'code': 'BIG_CAMPAIGN', 'title': '추석빅세일', 'color': 'FFA800'}]",[],[],,0.0,False,
5079623,카고 버뮤다 와이드 코튼 팬츠 [카키],https://www.musinsa.com/products/5079623,https://image.msscdn.net/images/goods_img/20250429/5079623/5079623_17466897259633_500.jpg,남성,False,74000,66600,10,seez,시즈,https://www.musinsa.com/brand/seez,2,100,True,False,,,"[{'code': 'EXCLUSIVE', 'title': '단독', 'color': ''}]","[{'code': 'BIG_CAMPAIGN', 'title': '추석빅세일', 'color': 'FFA800'}]",[],[],,0.0,False,
5079622,카고 버뮤다 와이드 코튼 팬츠 [블랙],https://www.musinsa.com/products/5079622,https://image.msscdn.net/images/goods_img/20250429/5079622/5079622_17466897385528_500.jpg,남성,False,74000,66600,10,seez,시즈,https://www.musinsa.com/brand/seez,0,0,True,False,,,"[{'code': 'EXCLUSIVE', 'title': '단독', 'color': ''}]","[{'code': 'BIG_CAMPAIGN', 'title': '추석빅세일', 'color': 'FFA800'}]",[],[],,0.0,False,
5079606,텐셀 코튼 데님 하프 셔츠 [라이트 블루],https://www.musinsa.com/products/5079606,https://image.msscdn.net/images/goods_img/20250429/5079606/5079606_17484057595919_500.jpg,남성,False,74000,66600,10,seez,시즈,https://www.musinsa.com/brand/seez,0,0,True,False,,,"[{'code': 'EXCLUSIVE', 'title': '단독', 'color': ''}]","[{'code': 'BIG_CAMPAIGN', 'title': '추석빅세일', 'color': 'FFA800'}]",[],[],,0.0,False,
5328475,벌룬 와이드 치노 팬츠 [베이지],https://www.musinsa.com/products/5328475,https://image.msscdn.net/images/goods_img/20250818/5328475/5328475_17562631399889_500.jpg,남성,False,72000,64800,10,seez,시즈,https://www.musinsa.com/brand/seez,0,0,True,False,,,"[{'code': 'EXCLUSIVE', 'title': '단독', 'color': ''}]","[{'code': 'BIG_CAMPAIGN', 'title': '추석빅세일', 'color': 'FFA800'}]",[],[],,0.0,False,
5076468,브러쉬드 오픈카라 하프 셔츠 [그레이],https://www.musinsa.com/products/5076468,https://image.msscdn.net/images/goods_img/20250429/5076468/5076468_17466899882509_500.jpg,남성,False,72000,64800,10,seez,시즈,https://www.musinsa.com/brand/seez,3,94,True,False,,,"[{'code': 'EXCLUSIVE', 'title': '단독', 'color': ''}]","[{'code': 'BIG_CAMPAIGN', 'title': '추석빅세일', 'color': 'FFA800'}]",[],[],,0.0,False,
5076461,시어서커 크리즈 스트라이프 하프 셔츠 [아이보리],https://www.musinsa.com/products/5076461,https://image.msscdn.net/images/goods_img/20250429/5076461/5076461_17484051987646_500.jpg,남성,False,72000,64800,10,seez,시즈,https://www.musinsa.com/brand/seez,2,100,True,False,,,"[{'code': 'EXCLUSIVE', 'title': '단독', 'color': ''}]","[{'code': 'BIG_CAMPAIGN', 'title': '추석빅세일', 'color': 'FFA800'}]",[],[],,0.0,False,
5076460,시어서커 크리즈 스트라이프 하프 셔츠 [블랙],https://www.musinsa.com/products/5076460,https://image.msscdn.net/images/goods_img/20250429/5076460/5076460_17484050815945_500.jpg,남성,False,72000,64800,10,seez,시즈,https://www.musinsa.com/brand/seez,5,100,True,False,,,"[{'code': 'EXCLUSIVE', 'title': '단독', 'color': ''}]","[{'code': 'BIG_CAMPAIGN', 'title': '추석빅세일', 'color': 'FFA800'}]",[],[],,0.0,False,
5076457,시어서커 브리즈 스트라이프 하프 셔츠 [베이지],https://www.musinsa.com/products/5076457,https://image.msscdn.net/images/goods_img/20250429/5076457/5076457_17484057229123_500.jpg,남성,False,72000,64800,10,seez,시즈,https://www.musinsa.com/brand/seez,0,0,True,False,,,"[{'code': 'EXCLUSIVE', 'title': '단독', 'color': ''}]","[{'code': 'BIG_CAMPAIGN', 'title': '추석빅세일', 'color': 'FFA800'}]",[],[],,0.0,False,
5076455,에어리 시어서커 체크 하프 셔츠 [차콜],https://www.musinsa.com/products/5076455,https://image.msscdn.net/images/goods_img/20250429/5076455/5076455_17484049956121_500.jpg,남성,False,69000,62100,10,seez,시즈,https://www.musinsa.com/brand/seez,17,100,True,False,,,"[{'code': 'EXCLUSIVE', 'title': '단독', 'color': ''}]","[{'code': 'BIG_CAMPAIGN', 'title': '추석빅세일', 'color': 'FFA800'}]",[],[],,0.0,False,
4321923,내추럴 워시드 60수 코튼 셔츠 [L.GREY],https://www.musinsa.com/products/4321923,https://image.msscdn.net/images/goods_img/20240812/4321923/4321923_17246424021242_500.jpg,남성,False,68000,61200,10,seez,시즈,https://www.musinsa.com/brand/seez,3,100,True,False,,,"[{'code': 'EXCLUSIVE', 'title': '단독', 'color': ''}]","[{'code': 'BIG_CAMPAIGN', 'title': '추석빅세일', 'color': 'FFA800'}]",[],[],,0.0,False,
3480566,리브드 라운드 티셔츠 [BROWN],https://www.musinsa.com/products/3480566,https://image.msscdn.net/images/goods_img/20230821/3480566/3480566_16925998178944_500.jpg,남성,False,59000,53100,10,seez,시즈,https://www.musinsa.com/brand/seez,24,94,True,False,,,"[{'code': 'EXCLUSIVE', 'title': '단독', 'color': ''}, {'code': 'OUTLET', 'title': '아울렛', 'color': ''}]",[],[],[],,0.0,False,
5079633,피그먼트 스트라이프 하프 티셔츠 [차콜],https://www.musinsa.com/products/5079633,https://image.msscdn.net/images/goods_img/20250429/5079633/5079633_17500545083004_500.jpg,남성,False,52000,46800,10,seez,시즈,https://www.musinsa.com/brand/seez,0,0,True,False,,,"[{'code': 'EXCLUSIVE', 'title': '단독', 'color': ''}]","[{'code': 'BIG_CAMPAIGN', 'title': '추석빅세일', 'color': 'FFA800'}]",[],[],,0.0,False,
4123659,헤이지 이펙트 하프 티셔츠 [WHITE],https://www.musinsa.com/products/4123659,https://image.msscdn.net/images/goods_img/20240512/4123659/4123659_17157617150810_500.jpg,남성,False,52000,46800,10,seez,시즈,https://www.musinsa.com/brand/seez,6,100,True,False,,,"[{'code': 'EXCLUSIVE', 'title': '단독', 'color': ''}]","[{'code': 'BIG_CAMPAIGN', 'title': '추석빅세일', 'color': 'FFA800'}]",[],[],,0.0,False,
4123658,헤이지 이펙트 하프 티셔츠 [BLACK],https://www.musinsa.com/products/4123658,https://image.msscdn.net/images/goods_img/20240512/4123658/4123658_17157617284163_500.jpg,남성,False,52000,46800,10,seez,시즈,https://www.musinsa.com/brand/seez,4,96,True,False,,,"[{'code': 'EXCLUSIVE', 'title': '단독', 'color': ''}]","[{'code': 'BIG_CAMPAIGN', 'title': '추석빅세일', 'color': 'FFA800'}]",[],[],,0.0,False,
5077762,와플 헨리넥 하프 티셔츠 [ 4 COLOR ],https://www.musinsa.com/products/5077762,https://image.msscdn.net/images/goods_img/20250429/5077762/5077762_17484062430629_500.jpg,남성,False,48000,43200,10,seez,시즈,https://www.musinsa.com/brand/seez,1,100,True,False,,,"[{'code': 'EXCLUSIVE', 'title': '단독', 'color': ''}]","[{'code': 'BIG_CAMPAIGN', 'title': '추석빅세일', 'color': 'FFA800'}]",[],[],,0.0,False,
5096035,프리미엄 코튼 레이어드 슬리브리스 [블랙],https://www.musinsa.com/products/5096035,https://image.msscdn.net/images/goods_img/20250508/5096035/5096035_17466940441195_500.jpg,남성,False,42000,37800,10,seez,시즈,https://www.musinsa.com/brand/seez,1,100,True,False,,,"[{'code': 'EXCLUSIVE', 'title': '단독', 'color': ''}]","[{'code': 'BIG_CAMPAIGN', 'title': '추석빅세일', 'color': 'FFA800'}]",[],[],,0.0,False,
5096032,프리미엄 코튼 레이어드 슬리브리스 [화이트],https://www.musinsa.com/products/5096032,https://image.msscdn.net/images/goods_img/20250508/5096032/5096032_17466945456417_500.jpg,남성,False,42000,37800,10,seez,시즈,https://www.musinsa.com/brand/seez,0,0,True,False,,,"[{'code': 'EXCLUSIVE', 'title': '단독', 'color': ''}]","[{'code': 'BIG_CAMPAIGN', 'title': '추석빅세일', 'color': 'FFA800'}]",[],[],,0.0,False,
5402166,캐시미어 오버사이즈 미니멀 싱글 코트 [블랙],https://www.musinsa.com/products/5402166,https://image.msscdn.net/images/goods_img/20250904/5402166/5402166_17581096009205_500.jpg,남성,False,290000,261000,10,seez,시즈,https://www.musinsa.com/brand/seez,0,0,True,False,,,"[{'code': 'EXCLUSIVE', 'title': '단독', 'color': ''}]","[{'code': 'BIG_CAMPAIGN', 'title': '추석빅세일', 'color': 'FFA800'}]",[],[],,0.0,False,
5402165,캐시미어 오버사이즈 미니멀 발마칸 코트 [블랙],https://www.musinsa.com/products/5402165,https://image.msscdn.net/images/goods_img/20250904/5402165/5402165_17581095450019_500.jpg,남성,False,325000,292500,10,seez,시즈,https://www.musinsa.com/brand/seez,0,0,True,False,,,"[{'code': 'EXCLUSIVE', 'title': '단독', 'color': ''}]","[{'code': 'BIG_CAMPAIGN', 'title': '추석빅세일', 'color': 'FFA800'}]",[],[],,0.0,False,
5402164,울 더블 체스터 코트 [블랙],https://www.musinsa.com/products/5402164,https://image.msscdn.net/images/goods_img/20250904/5402164/5402164_17581095171930_500.jpg,남성,False,320000,288000,10,seez,시즈,https://www.musinsa.com/brand/seez,0,0,True,False,,,"[{'code': 'EXCLUSIVE', 'title': '단독', 'color': ''}]","[{'code': 'BIG_CAMPAIGN', 'title': '추석빅세일', 'color': 'FFA800'}]",[],[],,0.0,False,
5314586,레이어드 모크넥 니트 티셔츠 [그레이],https://www.musinsa.com/products/5314586,https://image.msscdn.net/images/goods_img/20250812/5314586/5314586_17562635293763_500.jpg,남성,False,52000,46800,10,seez,시즈,https://www.musinsa.com/brand/seez,0,0,True,False,,,"[{'code': 'EXCLUSIVE', 'title': '단독', 'color': ''}]","[{'code': 'BIG_CAMPAIGN', 'title': '추석빅세일', 'color': 'FFA800'}]",[],[],,0.0,False,
5314585,레이어드 모크넥 니트 티셔츠 [오프화이트],https://www.musinsa.com/products/5314585,https://image.msscdn.net/images/goods_img/20250812/5314585/5314585_17562635487463_500.jpg,남성,False,52000,46800,10,seez,시즈,https://www.musinsa.com/brand/seez,0,0,True,False,,,"[{'code': 'EXCLUSIVE', 'title': '단독', 'color': ''}]","[{'code': 'BIG_CAMPAIGN', 'title': '추석빅세일', 'color': 'FFA800'}]",[],[],,0.0,False,
5079636,와플 스트라이프 하프 니트 티셔츠 [블랙],https://www.musinsa.com/products/5079636,https://image.msscdn.net/images/goods_img/20250429/5079636/5079636_17484053805711_500.jpg,남성,False,52000,46800,10,seez,시즈,https://www.musinsa.com/brand/seez,1,80,True,False,,,"[{'code': 'EXCLUSIVE', 'title': '단독', 'color': ''}]","[{'code': 'BIG_CAMPAIGN', 'title': '추석빅세일', 'color': 'FFA800'}]",[],[],,0.0,False,
5079634,피그먼트 스트라이프 하프 티셔츠 [베이지],https://www.musinsa.com/products/5079634,https://image.msscdn.net/images/goods_img/20250429/5079634/5079634_17500545662736_500.jpg,남성,False,52000,46800,10,seez,시즈,https://www.musinsa.com/brand/seez,4,100,True,False,,,"[{'code': 'EXCLUSIVE', 'title': '단독', 'color': ''}]","[{'code': 'BIG_CAMPAIGN', 'title': '추석빅세일', 'color': 'FFA800'}]",[],[],,0.0,False,
5079625,카고 버뮤다 와이드 코튼 팬츠 [차콜],https://www.musinsa.com/products/5079625,https://image.msscdn.net/images/goods_img/20250429/5079625/5079625_17466896927060_500.jpg,남성,False,74000,66600,10,seez,시즈,https://www.musinsa.com/brand/seez,5,100,True,False,,,"[{'code': 'EXCLUSIVE', 'title': '단독', 'color': ''}]","[{'code': 'BIG_CAMPAIGN', 'title': '추석빅세일', 'color': 'FFA800'}]",[],[],,0.0,False,
5079624,카고 버뮤다 와이드 코튼 팬츠 [베이지],https://www.musinsa.com/products/5079624,https://image.msscdn.net/images/goods_img/20250429/5079624/5079624_17466897139379_500.jpg,남성,False,74000,66600,10,seez,시즈,https://www.musinsa.com/brand/seez,13,98,True,False,,,"[{'code': 'EXCLUSIVE', 'title': '단독', 'color': ''}]","[{'code': 'BIG_CAMPAIGN', 'title': '추석빅세일', 'color': 'FFA800'}]",[],[],,0.0,False,
5079621,슬럽 버뮤다 쇼츠 데님 팬츠 [인디고],https://www.musinsa.com/products/5079621,https://image.msscdn.net/images/goods_img/20250429/5079621/5079621_17466897512621_500.jpg,남성,False,72000,64800,10,seez,시즈,https://www.musinsa.com/brand/seez,3,100,True,False,,,"[{'code': 'EXCLUSIVE', 'title': '단독', 'color': ''}]","[{'code': 'BIG_CAMPAIGN', 'title': '추석빅세일', 'color': 'FFA800'}]",[],[],,0.0,False,
5079618,커브드 와이드 코튼 팬츠 [오프화이트],https://www.musinsa.com/products/5079618,https://image.msscdn.net/images/goods_img/20250429/5079618/5079618_17460820229602_500.jpg,남성,False,78000,70200,10,seez,시즈,https://www.musinsa.com/brand/seez,0,0,True,False,,,"[{'code': 'EXCLUSIVE', 'title': '단독', 'color': ''}]","[{'code': 'BIG_CAMPAIGN', 'title': '추석빅세일', 'color': 'FFA800'}]",[],[],,0.0,False,
5079608,텐셀 코튼 데님 하프 셔츠 [딥인디고],https://www.musinsa.com/products/5079608,https://image.msscdn.net/images/goods_img/20250429/5079608/5079608_17484058299841_500.jpg,남성,False,74000,66600,10,seez,시즈,https://www.musinsa.com/brand/seez,1,100,True,False,,,"[{'code': 'EXCLUSIVE', 'title': '단독', 'color': ''}]","[{'code': 'BIG_CAMPAIGN', 'title': '추석빅세일', 'color': 'FFA800'}]",[],[],,0.0,False,
5079607,텐셀 코튼 데님 하프 셔츠 [인디고],https://www.musinsa.com/products/5079607,https://image.msscdn.net/images/goods_img/20250429/5079607/5079607_17484057937731_500.jpg,남성,False,74000,66600,10,seez,시즈,https://www.musinsa.com/brand/seez,2,80,True,False,,,"[{'code': 'EXCLUSIVE', 'title': '단독', 'color': ''}]","[{'code': 'BIG_CAMPAIGN', 'title': '추석빅세일', 'color': 'FFA800'}]",[],[],,0.0,False,
5076471,헤이즐 체크 하프 셔츠 [네이비],https://www.musinsa.com/products/5076471,https://image.msscdn.net/images/goods_img/20250429/5076471/5076471_17484058898354_500.jpg,남성,False,72000,64800,10,seez,시즈,https://www.musinsa.com/brand/seez,1,100,True,False,,,"[{'code': 'EXCLUSIVE', 'title': '단독', 'color': ''}, {'code': 'OUTLET', 'title': '아울렛', 'color': ''}]",[],[],[],,0.0,False,
5076466,시에라 웨스턴 포켓 하프 셔츠 [인디고],https://www.musinsa.com/products/5076466,https://image.msscdn.net/images/goods_img/20250429/5076466/5076466_17484055126913_500.jpg,남성,False,79000,71100,10,seez,시즈,https://www.musinsa.com/brand/seez,0,0,True,False,,,"[{'code': 'EXCLUSIVE', 'title': '단독', 'color': ''}]","[{'code': 'BIG_CAMPAIGN', 'title': '추석빅세일', 'color': 'FFA800'}]",[],[],,0.0,False,
5076464,시에라 웨스턴 포켓 하프 셔츠 [카키],https://www.musinsa.com/products/5076464,https://image.msscdn.net/images/goods_img/20250429/5076464/5076464_17484055880624_500.jpg,남성,False,77000,69300,10,seez,시즈,https://www.musinsa.com/brand/seez,0,0,True,False,,,"[{'code': 'EXCLUSIVE', 'title': '단독', 'color': ''}]","[{'code': 'BIG_CAMPAIGN', 'title': '추석빅세일', 'color': 'FFA800'}]",[],[],,0.0,False,
5076463,시에라 웨스턴 포켓 하프 셔츠 [차콜],https://www.musinsa.com/products/5076463,https://image.msscdn.net/images/goods_img/20250429/5076463/5076463_17484056230535_500.jpg,남성,False,77000,69300,10,seez,시즈,https://www.musinsa.com/brand/seez,2,90,True,False,,,"[{'code': 'EXCLUSIVE', 'title': '단독', 'color': ''}]","[{'code': 'BIG_CAMPAIGN', 'title': '추석빅세일', 'color': 'FFA800'}]",[],[],,0.0,False,
5076462,에디터 레일로드 스트라이프 하프 셔츠 [화이트],https://www.musinsa.com/products/5076462,https://image.msscdn.net/images/goods_img/20250429/5076462/5076462_17460817117052_500.jpg,남성,False,72000,64800,10,seez,시즈,https://www.musinsa.com/brand/seez,3,100,True,False,,,"[{'code': 'EXCLUSIVE', 'title': '단독', 'color': ''}]","[{'code': 'BIG_CAMPAIGN', 'title': '추석빅세일', 'color': 'FFA800'}]",[],[],,0.0,False,
5076459,시어서커 브리즈 스트라이프 하프 셔츠 [아이보리],https://www.musinsa.com/products/5076459,https://image.msscdn.net/images/goods_img/20250429/5076459/5076459_17484056910109_500.jpg,남성,False,72000,64800,10,seez,시즈,https://www.musinsa.com/brand/seez,3,100,True,False,,,"[{'code': 'EXCLUSIVE', 'title': '단독', 'color': ''}]","[{'code': 'BIG_CAMPAIGN', 'title': '추석빅세일', 'color': 'FFA800'}]",[],[],,0.0,False,
5076456,에어리 시어서커 체크 하프 셔츠 [화이트],https://www.musinsa.com/products/5076456,https://image.msscdn.net/images/goods_img/20250429/5076456/5076456_17484049528304_500.jpg,남성,False,69000,62100,10,seez,시즈,https://www.musinsa.com/brand/seez,17,100,True,False,,,"[{'code': 'EXCLUSIVE', 'title': '단독', 'color': ''}]","[{'code': 'BIG_CAMPAIGN', 'title': '추석빅세일', 'color': 'FFA800'}]",[],[],,0.0,False,
4746614,플라이트 MA-1 스웨트 셔츠 [CHARCOAL],https://www.musinsa.com/products/4746614,https://image.msscdn.net/images/goods_img/20250127/4746614/4746614_17379877053912_500.jpg,남성,False,68000,61200,10,seez,시즈,https://www.musinsa.com/brand/seez,3,100,True,False,,,"[{'code': 'EXCLUSIVE', 'title': '단독', 'color': ''}]","[{'code': 'BIG_CAMPAIGN', 'title': '추석빅세일', 'color': 'FFA800'}]",[],[],,0.0,False,
4746613,플라이트 MA-1 스웨트 셔츠 [GREY],https://www.musinsa.com/products/4746613,https://image.msscdn.net/images/goods_img/20250127/4746613/4746613_17379877308492_500.jpg,남성,False,68000,61200,10,seez,시즈,https://www.musinsa.com/brand/seez,7,100,True,False,,,"[{'code': 'EXCLUSIVE', 'title': '단독', 'color': ''}]","[{'code': 'BIG_CAMPAIGN', 'title': '추석빅세일', 'color': 'FFA800'}]",[],[],,0.0,False,
4746612,플라이트 MA-1 스웨트 셔츠 [BLACK],https://www.musinsa.com/products/4746612,https://image.msscdn.net/images/goods_img/20250127/4746612/4746612_17379877553036_500.jpg,남성,False,68000,61200,10,seez,시즈,https://www.musinsa.com/brand/seez,2,100,True,False,,,"[{'code': 'EXCLUSIVE', 'title': '단독', 'color': ''}]","[{'code': 'BIG_CAMPAIGN', 'title': '추석빅세일', 'color': 'FFA800'}]",[],[],,0.0,False,
4746610,프리미엄 코튼 베이직 롱 슬리브 [CHARCOAL],https://www.musinsa.com/products/4746610,https://image.msscdn.net/images/goods_img/20250127/4746610/4746610_17379867595953_500.jpg,남성,False,48000,43200,10,seez,시즈,https://www.musinsa.com/brand/seez,0,0,True,False,,,"[{'code': 'EXCLUSIVE', 'title': '단독', 'color': ''}]","[{'code': 'BIG_CAMPAIGN', 'title': '추석빅세일', 'color': 'FFA800'}]",[],[],,0.0,False,
4746609,프리미엄 코튼 베이직 롱 슬리브 [WHITE],https://www.musinsa.com/products/4746609,https://image.msscdn.net/images/goods_img/20250127/4746609/4746609_17379867869954_500.jpg,남성,False,48000,43200,10,seez,시즈,https://www.musinsa.com/brand/seez,4,90,True,False,,,"[{'code': 'EXCLUSIVE', 'title': '단독', 'color': ''}]","[{'code': 'BIG_CAMPAIGN', 'title': '추석빅세일', 'color': 'FFA800'}]",[],[],,0.0,False,
4746608,프리미엄 코튼 베이직 롱 슬리브 [BLACK],https://www.musinsa.com/products/4746608,https://image.msscdn.net/images/goods_img/20250127/4746608/4746608_17379868180248_500.jpg,남성,False,48000,43200,10,seez,시즈,https://www.musinsa.com/brand/seez,2,100,True,False,,,"[{'code': 'EXCLUSIVE', 'title': '단독', 'color': ''}]","[{'code': 'BIG_CAMPAIGN', 'title': '추석빅세일', 'color': 'FFA800'}]",[],[],,0.0,False,
4711500,내추럴 워시드 60수 코튼 셔츠 [SPACE BLUE],https://www.musinsa.com/products/4711500,https://image.msscdn.net/images/goods_img/20250110/4711500/4711500_17373563685887_500.jpg,남성,False,68000,61200,10,seez,시즈,https://www.musinsa.com/brand/seez,2,100,True,False,,,"[{'code': 'EXCLUSIVE', 'title': '단독', 'color': ''}]","[{'code': 'BIG_CAMPAIGN', 'title': '추석빅세일', 'color': 'FFA800'}]",[],[],,0.0,False,
4711499,내추럴 워시드 60수 코튼 셔츠 [KHAKI],https://www.musinsa.com/products/4711499,https://image.msscdn.net/images/goods_img/20250110/4711499/4711499_17373563282582_500.jpg,남성,False,68000,61200,10,seez,시즈,https://www.musinsa.com/brand/seez,2,100,True,False,,,"[{'code': 'EXCLUSIVE', 'title': '단독', 'color': ''}]","[{'code': 'BIG_CAMPAIGN', 'title': '추석빅세일', 'color': 'FFA800'}]",[],[],,0.0,False,
4332558,울 베이직 니트 핑거 리스 워머,https://www.musinsa.com/products/4332558,https://image.msscdn.net/images/goods_img/20240814/4332558/4332558_17288961002630_500.jpg,남성,False,35000,31500,10,seez,시즈,https://www.musinsa.com/brand/seez,3,100,True,False,,,"[{'code': 'EXCLUSIVE', 'title': '단독', 'color': ''}]","[{'code': 'BIG_CAMPAIGN', 'title': '추석빅세일', 'color': 'FFA800'}]",[],[],,0.0,False,
4332532,베이직 플레인 니트 머플러 [9COLOR],https://www.musinsa.com/products/4332532,https://image.msscdn.net/images/goods_img/20240814/4332532/4332532_17288960101010_500.jpg,남성,False,39000,35100,10,seez,시즈,https://www.musinsa.com/brand/seez,45,96,True,False,,,"[{'code': 'EXCLUSIVE', 'title': '단독', 'color': ''}]","[{'code': 'BIG_CAMPAIGN', 'title': '추석빅세일', 'color': 'FFA800'}]",[],[],,0.0,False,
4332523,소프트 니트 머플러 [7COLOR],https://www.musinsa.com/products/4332523,https://image.msscdn.net/images/goods_img/20240814/4332523/4332523_17288960454534_500.jpg,남성,False,39000,35100,10,seez,시즈,https://www.musinsa.com/brand/seez,3,80,True,False,,,"[{'code': 'EXCLUSIVE', 'title': '단독', 'color': ''}]","[{'code': 'BIG_CAMPAIGN', 'title': '추석빅세일', 'color': 'FFA800'}]",[],[],,0.0,False,
4327489,다이애그널 트윌 워크 자켓 [CHARCOAL],https://www.musinsa.com/products/4327489,https://image.msscdn.net/images/goods_img/20240813/4327489/4327489_17246426946119_500.jpg,남성,False,180000,162000,10,seez,시즈,https://www.musinsa.com/brand/seez,20,100,True,False,,,"[{'code': 'EXCLUSIVE', 'title': '단독', 'color': ''}]","[{'code': 'BIG_CAMPAIGN', 'title': '추석빅세일', 'color': 'FFA800'}]",[],[],,0.0,False,
4321921,내추럴 워시드 60수 코튼 셔츠 [CHARCOAL],https://www.musinsa.com/products/4321921,https://image.msscdn.net/images/goods_img/20240812/4321921/4321921_17246423389342_500.jpg,남성,False,68000,61200,10,seez,시즈,https://www.musinsa.com/brand/seez,11,92,True,False,,,"[{'code': 'EXCLUSIVE', 'title': '단독', 'color': ''}]","[{'code': 'BIG_CAMPAIGN', 'title': '추석빅세일', 'color': 'FFA800'}]",[],[],,0.0,False,
4321920,내추럴 워시드 60수 코튼 셔츠 [MIDNIGHT NAVY],https://www.musinsa.com/products/4321920,https://image.msscdn.net/images/goods_img/20240812/4321920/4321920_17246423042317_500.jpg,남성,False,68000,61200,10,seez,시즈,https://www.musinsa.com/brand/seez,8,100,True,False,,,"[{'code': 'EXCLUSIVE', 'title': '단독', 'color': ''}]","[{'code': 'BIG_CAMPAIGN', 'title': '추석빅세일', 'color': 'FFA800'}]",[],[],,0.0,False,
4123814,더블 니 패치 카펜터 워크 팬츠 [KHAKI],https://www.musinsa.com/products/4123814,https://image.msscdn.net/images/goods_img/20240512/4123814/4123814_17158452075930_500.jpg,남성,False,85000,76500,10,seez,시즈,https://www.musinsa.com/brand/seez,15,98,True,False,,,"[{'code': 'EXCLUSIVE', 'title': '단독', 'color': ''}]","[{'code': 'BIG_CAMPAIGN', 'title': '추석빅세일', 'color': 'FFA800'}]",[],[],,0.0,False,
4123657,스틸라이프 플라워 하프 티셔츠 [NAVY],https://www.musinsa.com/products/4123657,https://image.msscdn.net/images/goods_img/20240512/4123657/4123657_17157617404047_500.jpg,남성,False,55000,49500,10,seez,시즈,https://www.musinsa.com/brand/seez,22,100,True,False,,,"[{'code': 'EXCLUSIVE', 'title': '단독', 'color': ''}]","[{'code': 'BIG_CAMPAIGN', 'title': '추석빅세일', 'color': 'FFA800'}]",[],[],,0.0,False,
4123656,스틸라이프 플라워 하프 티셔츠 [WHITE],https://www.musinsa.com/products/4123656,https://image.msscdn.net/images/goods_img/20240512/4123656/4123656_17157617520345_500.jpg,남성,False,55000,49500,10,seez,시즈,https://www.musinsa.com/brand/seez,13,98,True,False,,,"[{'code': 'EXCLUSIVE', 'title': '단독', 'color': ''}]","[{'code': 'BIG_CAMPAIGN', 'title': '추석빅세일', 'color': 'FFA800'}]",[],[],,0.0,False,
3807881,스페이 패널 헌팅 블루종 자켓 [KHAKI],https://www.musinsa.com/products/3807881,https://image.msscdn.net/images/goods_img/20240119/3807881/3807881_17064550158307_500.jpg,남성,False,210000,189000,10,seez,시즈,https://www.musinsa.com/brand/seez,21,98,True,False,,,"[{'code': 'EXCLUSIVE', 'title': '단독', 'color': ''}]","[{'code': 'BIG_CAMPAIGN', 'title': '추석빅세일', 'color': 'FFA800'}]",[],[],,0.0,False,
3807878,핀 턱 포인티드 라운지 스웨트 팬츠 [GREY],https://www.musinsa.com/products/3807878,https://image.msscdn.net/images/goods_img/20240119/3807878/3807878_17061907457569_500.jpg,남성,False,55000,49500,10,seez,시즈,https://www.musinsa.com/brand/seez,3,80,True,False,,,"[{'code': 'EXCLUSIVE', 'title': '단독', 'color': ''}, {'code': 'OUTLET', 'title': '아울렛', 'color': ''}]",[],[],[],,0.0,False,
3807877,핀 턱 포인티드 라운지 스웨트 팬츠 [BLACK],https://www.musinsa.com/products/3807877,https://image.msscdn.net/images/goods_img/20240119/3807877/3807877_17061907737901_500.jpg,남성,False,55000,49500,10,seez,시즈,https://www.musinsa.com/brand/seez,6,90,True,False,,,"[{'code': 'EXCLUSIVE', 'title': '단독', 'color': ''}, {'code': 'OUTLET', 'title': '아울렛', 'color': ''}]",[],[],[],,0.0,False,
3807874,라운지 하프 집업 숄 카라 스웨트 셔츠 [GREY],https://www.musinsa.com/products/3807874,https://image.msscdn.net/images/goods_img/20240119/3807874/3807874_17064565398414_500.jpg,남성,False,75000,67500,10,seez,시즈,https://www.musinsa.com/brand/seez,4,100,True,False,,,"[{'code': 'EXCLUSIVE', 'title': '단독', 'color': ''}]","[{'code': 'BIG_CAMPAIGN', 'title': '추석빅세일', 'color': 'FFA800'}]",[],[],,0.0,False,
3807873,라운지 하프 집업 숄 카라 스웨트 셔츠 [BLACK],https://www.musinsa.com/products/3807873,https://image.msscdn.net/images/goods_img/20240119/3807873/3807873_17064565666129_500.jpg,남성,False,75000,67500,10,seez,시즈,https://www.musinsa.com/brand/seez,4,86,True,False,,,"[{'code': 'EXCLUSIVE', 'title': '단독', 'color': ''}]","[{'code': 'BIG_CAMPAIGN', 'title': '추석빅세일', 'color': 'FFA800'}]",[],[],,0.0,False,
3807869,리오셀 퍼티그 파라슈트 팬츠 [BEIGE],https://www.musinsa.com/products/3807869,https://image.msscdn.net/images/goods_img/20240119/3807869/3807869_17061910804370_500.jpg,남성,False,85000,76500,10,seez,시즈,https://www.musinsa.com/brand/seez,8,96,True,False,,,"[{'code': 'EXCLUSIVE', 'title': '단독', 'color': ''}]","[{'code': 'BIG_CAMPAIGN', 'title': '추석빅세일', 'color': 'FFA800'}]",[],[],,0.0,False,
3807868,리오셀 퍼티그 파라슈트 팬츠 [KHAKI],https://www.musinsa.com/products/3807868,https://image.msscdn.net/images/goods_img/20240119/3807868/3807868_17061911007510_500.jpg,남성,False,85000,76500,10,seez,시즈,https://www.musinsa.com/brand/seez,24,98,True,False,,,"[{'code': 'EXCLUSIVE', 'title': '단독', 'color': ''}]","[{'code': 'BIG_CAMPAIGN', 'title': '추석빅세일', 'color': 'FFA800'}]",[],[],,0.0,False,
3807867,프렌치 옴브레 체크 셔츠 [RED],https://www.musinsa.com/products/3807867,https://image.msscdn.net/images/goods_img/20240119/3807867/3807867_17064565975179_500.jpg,남성,False,72000,64800,10,seez,시즈,https://www.musinsa.com/brand/seez,15,100,True,False,,,"[{'code': 'EXCLUSIVE', 'title': '단독', 'color': ''}]","[{'code': 'BIG_CAMPAIGN', 'title': '추석빅세일', 'color': 'FFA800'}]",[],[],,0.0,False,
3807866,프렌치 옴브레 체크 셔츠 [BLUE],https://www.musinsa.com/products/3807866,https://image.msscdn.net/images/goods_img/20240119/3807866/3807866_17064566260206_500.jpg,남성,False,72000,64800,10,seez,시즈,https://www.musinsa.com/brand/seez,31,100,True,False,,,"[{'code': 'EXCLUSIVE', 'title': '단독', 'color': ''}]","[{'code': 'BIG_CAMPAIGN', 'title': '추석빅세일', 'color': 'FFA800'}]",[],[],,0.0,False,
3484837,빈티지 워싱 싱글 레더 자켓 [BLACK],https://www.musinsa.com/products/3484837,https://image.msscdn.net/images/goods_img/20230822/3484837/3484837_17064567070812_500.jpg,남성,False,190000,171000,10,seez,시즈,https://www.musinsa.com/brand/seez,7,92,True,False,,,"[{'code': 'EXCLUSIVE', 'title': '단독', 'color': ''}]","[{'code': 'BIG_CAMPAIGN', 'title': '추석빅세일', 'color': 'FFA800'}]",[],[],,0.0,False,
3484759,웨이브 레더 레이서 자켓 [BLACK],https://www.musinsa.com/products/3484759,https://image.msscdn.net/images/goods_img/20230822/3484759/3484759_17064567327609_500.jpg,남성,False,190000,171000,10,seez,시즈,https://www.musinsa.com/brand/seez,12,96,True,False,,,"[{'code': 'EXCLUSIVE', 'title': '단독', 'color': ''}]","[{'code': 'BIG_CAMPAIGN', 'title': '추석빅세일', 'color': 'FFA800'}]",[],[],,0.0,False,
3480569,리브드 라운드  티셔츠 [BEIGE],https://www.musinsa.com/products/3480569,https://image.msscdn.net/images/goods_img/20230821/3480569/3480569_16926005595513_500.jpg,남성,False,59000,53100,10,seez,시즈,https://www.musinsa.com/brand/seez,35,98,True,False,,,"[{'code': 'EXCLUSIVE', 'title': '단독', 'color': ''}]","[{'code': 'BIG_CAMPAIGN', 'title': '추석빅세일', 'color': 'FFA800'}]",[],[],,0.0,False,
3480206,베이직 로고 후드 [GREY],https://www.musinsa.com/products/3480206,https://image.msscdn.net/images/goods_img/20230821/3480206/3480206_16925976221278_500.jpg,남성,False,79000,71100,10,seez,시즈,https://www.musinsa.com/brand/seez,3,94,True,False,,,"[{'code': 'EXCLUSIVE', 'title': '단독', 'color': ''}, {'code': 'OUTLET', 'title': '아울렛', 'color': ''}]",[],[],[],,0.0,False,
3480203,베이직 로고 후드 [BLACK],https://www.musinsa.com/products/3480203,https://image.msscdn.net/images/goods_img/20230821/3480203/3480203_16925964230824_500.jpg,남성,False,79000,71100,10,seez,시즈,https://www.musinsa.com/brand/seez,2,100,True,False,,,"[{'code': 'EXCLUSIVE', 'title': '단독', 'color': ''}]","[{'code': 'BIG_CAMPAIGN', 'title': '추석빅세일', 'color': 'FFA800'}]",[],[],,0.0,False,
3480059,울 블렌드 투턱 와이드 슬랙스 [GREEN],https://www.musinsa.com/products/3480059,https://image.msscdn.net/images/goods_img/20230821/3480059/3480059_16925953351268_500.jpg,남성,False,99000,89100,10,seez,시즈,https://www.musinsa.com/brand/seez,1,100,True,False,,,"[{'code': 'EXCLUSIVE', 'title': '단독', 'color': ''}, {'code': 'OUTLET', 'title': '아울렛', 'color': ''}]",[],[],[],,0.0,False,
3479995,울 블렌드 세미 와이드 슬랙스 [GREEN],https://www.musinsa.com/products/3479995,https://image.msscdn.net/images/goods_img/20230821/3479995/3479995_16925944860241_500.jpg,남성,False,97000,87300,10,seez,시즈,https://www.musinsa.com/brand/seez,2,100,True,False,,,"[{'code': 'EXCLUSIVE', 'title': '단독', 'color': ''}, {'code': 'OUTLET', 'title': '아울렛', 'color': ''}]",[],[],[],,0.0,False,
3479697,울 블렌드 테이퍼드 슬랙스 [BLACK],https://www.musinsa.com/products/3479697,https://image.msscdn.net/images/goods_img/20230821/3479697/3479697_16925918088362_500.jpg,남성,False,85000,76500,10,seez,시즈,https://www.musinsa.com/brand/seez,0,0,True,False,,,"[{'code': 'EXCLUSIVE', 'title': '단독', 'color': ''}, {'code': 'OUTLET', 'title': '아울렛', 'color': ''}]",[],[],[],,0.0,False,
